ID;CourseID;Number;Edition;EditionOrder;Year;Revision;InStock;Remark
1;1;2;3;1;;;;
2;1;3;3;1;;;;
3;1;4;3;1;;;;
4;1;5;3;1;;;;
5;1;6;3;1;;;;
6;1;7;3;1;;;;
7;1;8;3;1;;;;
8;1;9;3;1;;;;
9;1;10;3;1;;;;
10;1;11;3;3;;;;
11;1;12;3;2;;;;
12;2;1;3;1;;;;
13;2;2;3;2;;;;
14;2;3;3;2;;;;
15;2;4;3;2;;;;
16;2;5;3;2;;;;
17;2;6;3;2;;;;
18;2;7;3;2;;;;
19;2;8;3;2;;;;
20;2;9;3;2;;;;
21;2;10;3;2;;;;
22;2;11;3;2;;;;
23;2;12;3;2;;;;
24;3;1;3;3;;;;
25;3;2;3;2;;;;
26;3;3;3;2;;;;
27;3;4;3;2;;;;
28;3;5;3;2;;;;
29;3;6;3;2;;;;
30;3;7;3;2;;;;
31;3;8;3;2;;;;
32;3;9;3;2;;;;
33;3;10;3;2;;;;
34;3;11;3;2;;;;
35;3;12;3;2;;;;
36;4;1;3;3;;;;
37;4;2;3;2;;;;
38;4;3;3;2;;;;
39;4;4;3;2;;;;
40;4;5;3;2;;;;
41;4;6;3;2;;;;
42;4;7;3;2;;;;
43;4;8;3;2;;;;
44;4;9;3;2;;;;
45;4;10;3;2;;;;
46;4;11;3;2;;;;
47;4;12;3;2;;;;
48;5;1;3;2;;;;
49;5;2;3;2;;;;
50;5;3;3;2;;;;
51;5;4;3;2;;;;
52;5;5;3;2;;;;
53;5;6;3;2;;;;
54;5;7;3;2;;;;
55;5;8;3;2;;;;
56;5;9;3;2;;;;
57;5;10;3;2;;;;
58;5;11;3;2;;;;
59;5;12;3;2;;;;
60;6;1;3;2;;;;
61;6;2;3;2;;;;
62;6;3;3;2;;;;
63;6;4;3;2;;;;
64;6;5;3;2;;;;
65;6;6;3;2;;;;
66;6;7;3;2;;;;
67;6;8;3;2;;;;
68;6;9;3;2;;;;
69;6;10;3;2;;;;
70;6;11;3;2;;;;
71;6;12;3;2;;;;
72;7;1;3;2;;;;
73;7;2;3;2;;;;
74;7;3;3;2;;;;
75;7;4;3;2;;;;
76;7;5;3;2;;;;
77;7;6;3;2;;;;
78;7;7;3;2;;;;
79;7;8;3;2;;;;
80;7;9;3;2;;;;
81;7;10;3;2;;;;
82;7;11;3;2;;;;
83;7;12;3;2;;;;
84;8;1;3;2;;;;
85;8;2;3;2;;;;
86;8;3;3;2;;;;
87;8;4;3;2;;;;
88;8;5;3;2;;;;
89;8;6;3;2;;;;
90;8;7;3;2;;;;
91;8;8;3;2;;;;
92;8;9;3;2;;;;
93;8;10;3;2;;;;
94;8;11;3;2;;;;
95;8;12;3;2;;;;
96;9;13;3;2;;;;
97;9;14;3;1;;;;
98;9;15;3;1;;;;
99;9;16;3;1;;;;
100;9;17;3;1;;;;
101;9;18;3;1;;;;
102;9;19;3;1;;;;
103;9;20;3;1;;;;
104;9;21;3;1;;;;
105;9;22;3;1;;;;
106;9;23;3;1;;;;
107;9;24;3;1;;;;
108;10;13;3;1;;;;
109;10;14;3;1;;;;
110;10;15;3;1;;;;
111;10;16;3;1;;;;
112;10;17;3;1;;;;
113;10;18;3;1;;;;
114;10;19;3;1;;;;
115;10;20;3;1;;;;
116;10;21;3;1;;;;
117;10;22;3;1;;;;
118;10;23;3;1;;;;
119;10;24;3;1;;;;
120;11;13;3;1;;;;
121;11;14;3;1;;;;
122;11;15;3;1;;;;
123;11;16;3;1;;;;
124;11;17;3;1;;;;
125;11;18;3;1;;;;
126;11;19;3;1;;;;
127;11;20;3;1;;;;
128;11;21;3;1;;;;
129;11;22;3;1;;;;
130;11;23;3;1;;;;
131;11;24;3;1;;;;
132;12;13;3;1;;;;
133;12;14;3;1;;;;
134;12;15;3;1;;;;
135;12;16;3;1;;;;
136;12;17;3;1;;;;
137;12;18;3;1;;;;
138;12;19;3;1;;;;
139;12;20;3;1;;;;
140;12;21;3;1;;;;
141;12;22;3;1;;;;
142;12;23;3;1;;;;
143;12;24;3;1;;;;
144;13;13;3;1;;;;
145;13;14;3;1;;;;
146;13;15;3;1;;;;
147;13;16;3;1;;;;
148;13;17;3;1;;;;
149;13;18;3;1;;;;
150;13;19;3;2;;;;
151;13;20;3;1;;;;
152;13;21;3;1;;;;
153;13;22;3;1;;;;
154;13;23;3;1;;;;
155;13;24;3;1;;;;
156;14;13;3;1;;;;
157;14;14;3;1;;;;
158;14;15;3;1;;;;
159;14;16;3;1;;;;
160;14;17;3;1;;;;
161;14;18;3;1;;;;
162;14;19;3;2;;;;
163;14;20;3;1;;;;
164;14;21;3;1;;;;
165;14;22;3;1;;;;
166;14;23;3;1;;;;
167;14;24;3;1;;;;
168;15;13;3;1;;;;
169;15;14;3;1;;;;
170;15;15;3;1;;;;
171;15;16;3;1;;;;
172;15;17;3;1;;;;
173;15;18;3;1;;;;
174;15;19;3;1;;;;
175;15;20;3;1;;;;
176;15;21;3;1;;;;
177;15;22;3;1;;;;
178;15;23;3;1;;;;
179;15;24;3;1;;;;
180;16;25;3;1;;;;
181;16;26;3;1;;;;
182;16;27;3;1;;;;
183;16;28;3;1;;;;
184;16;29;3;1;;;;
185;16;30;3;1;;;;
186;16;31;3;1;;;;
187;16;32;3;1;;;;
188;16;33;3;1;;;;
189;16;34;3;1;;;;
190;16;35;3;1;;;;
191;16;36;3;1;;;;
192;17;25;3;1;;;;
193;17;26;3;1;;;;
194;17;27;3;1;;;;
195;17;28;3;1;;;;
196;17;29;3;1;;;;
197;17;30;3;1;;;;
198;17;31;3;1;;;;
199;17;32;3;1;;;;
200;17;33;3;1;;;;
201;17;34;3;1;;;;
202;17;35;3;1;;;;
203;17;36;3;1;;;;
204;18;25;3;1;;;;
205;18;26;3;1;;;;
206;18;27;3;1;;;;
207;18;28;3;1;;;;
208;18;29;3;1;;;;
209;18;30;3;1;;;;
210;18;31;3;1;;;;
211;18;32;3;1;;;;
212;18;33;3;1;;;;
213;18;34;3;1;;;;
214;18;35;3;1;;;;
215;18;36;3;1;;;;
216;19;25;3;1;;;;
217;19;26;3;1;;;;
218;19;27;3;1;;;;
219;19;28;3;1;;;;
220;19;29;3;1;;;;
221;19;30;3;1;;;;
222;19;31;3;1;;;;
223;19;32;3;2;;;;
224;19;33;3;1;;;;
225;19;34;3;1;;;;
226;19;35;3;1;;;;
227;19;36;3;1;;;;
228;20;25;3;1;;;;
229;20;26;3;1;;;;
230;20;27;3;1;;;;
231;20;28;3;1;;;;
232;20;29;3;1;;;;
233;20;30;3;1;;;;
234;20;31;3;1;;;;
235;20;32;3;1;;;;
236;20;33;3;1;;;;
237;20;34;3;1;;;;
238;20;35;3;1;;;;
239;20;36;3;1;;;;
240;21;25;3;1;;;;
241;21;26;3;1;;;;
242;21;27;3;1;;;;
243;21;28;3;1;;;;
244;21;29;3;1;;;;
245;21;30;3;1;;;;
246;21;31;3;1;;;;
247;21;32;3;1;;;;
248;21;33;3;1;;;;
249;21;34;3;1;;;;
250;21;35;3;1;;;;
251;21;36;3;1;;;;
252;22;25;3;1;;;;
253;22;26;3;1;;;;
254;22;27;3;1;;;;
255;22;28;3;1;;;;
256;22;29;3;1;;;;
257;22;30;3;1;;;;
258;22;31;3;1;;;;
259;22;32;3;1;;;;
260;22;33;3;1;;;;
261;22;34;3;1;;;;
262;22;35;3;1;;;;
263;22;36;3;1;;;;
264;23;37;3;1;;;;
265;23;38;3;1;;;;
266;23;39;3;1;;;;
267;23;40;3;1;;;;
268;23;41;3;1;;;;
269;23;42;3;1;;;;
270;23;43;3;1;;;;
271;23;44;3;1;;;;
272;23;45;3;1;;;;
273;23;46;3;1;;;;
274;23;47;3;1;;;;
275;23;48;3;1;;;;
276;24;37;3;1;;;;
277;24;38;3;1;;;;
278;24;39;3;1;;;;
279;24;40;3;1;;;;
280;24;41;3;1;;;;
281;24;42;3;1;;;;
282;24;43;3;1;;;;
283;24;44;3;1;;;;
284;24;45;3;1;;;;
285;24;46;3;1;;;;
286;24;47;3;1;;;;
287;24;48;3;1;;;;
288;25;37;3;1;;;;
289;25;38;3;1;;;;
290;25;39;3;1;;;;
291;25;40;3;1;;;;
292;25;41;3;1;;;;
293;25;42;3;1;;;;
294;25;43;3;1;;;;
295;25;44;3;1;;;;
296;25;45;3;1;;;;
297;25;46;3;1;;;;
298;25;47;3;1;;;;
299;25;48;3;1;;;;
300;26;37;3;1;;;;
301;26;38;3;1;;;;
302;26;39;3;1;;;;
303;26;40;3;1;;;;
304;26;41;3;1;;;;
305;26;42;3;1;;;;
306;26;43;3;1;;;;
307;26;44;3;1;;;;
308;26;45;3;1;;;;
309;26;46;3;1;;;;
310;26;47;3;1;;;;
311;26;48;3;1;;;;
312;27;37;3;1;;;;
313;27;38;3;1;;;;
314;27;39;3;1;;;;
315;27;40;3;1;;;;
316;27;41;3;1;;;;
317;27;42;3;1;;;;
318;27;43;3;1;;;;
319;27;44;3;1;;;;
320;27;45;3;1;;;;
321;27;46;3;1;;;;
322;27;47;3;1;;;;
323;27;48;3;1;;;;
324;28;37;3;1;;;;
325;28;38;3;1;;;;
326;28;39;3;1;;;;
327;28;40;3;1;;;;
328;28;41;3;1;;;;
329;28;42;3;1;;;;
330;28;43;3;1;;;;
331;28;44;3;1;;;;
332;28;45;3;1;;;;
333;28;46;3;1;;;;
334;28;47;3;1;;;;
335;28;48;3;1;;;;
336;29;37;3;1;;;;
337;29;38;3;1;;;;
338;29;39;3;1;;;;
339;29;40;3;1;;;;
340;29;41;3;1;;;;
341;29;42;3;1;;;;
342;29;43;3;1;;;;
343;29;44;3;1;;;;
344;29;45;3;1;;;;
345;29;46;3;1;;;;
346;29;47;3;1;;;;
347;29;48;3;1;;;;
348;30;49;3;1;;;;
349;30;50;3;1;;;;
350;30;51;3;1;;;;
351;30;52;3;1;;;;
352;30;53;3;1;;;;
353;30;54;3;1;;;;
354;30;55;3;1;;;;
355;30;56;3;1;;;;
356;30;57;3;1;;;;
357;30;58;3;1;;;;
358;30;59;3;1;;;;
359;30;60;3;1;;;;
360;31;49;3;1;;;;
361;31;50;3;1;;;;
362;31;51;3;1;;;;
363;31;52;3;1;;;;
364;31;53;3;1;;;;
365;31;54;3;1;;;;
366;31;55;3;1;;;;
367;31;56;3;1;;;;
368;31;57;3;1;;;;
369;31;58;3;1;;;;
370;31;59;3;1;;;;
371;31;60;3;1;;;;
372;32;49;3;1;;;;
373;32;50;3;1;;;;
374;32;51;3;1;;;;
375;32;52;3;1;;;;
376;32;53;3;1;;;;
377;32;54;3;1;;;;
378;32;55;3;1;;;;
379;32;56;3;1;;;;
380;32;57;3;1;;;;
381;32;58;3;1;;;;
382;32;59;3;1;;;;
383;32;60;3;1;;;;
384;33;49;3;1;;;;
385;33;50;3;1;;;;
386;33;51;3;1;;;;
387;33;52;3;1;;;;
388;33;53;3;1;;;;
389;33;54;3;1;;;;
390;33;55;3;1;;;;
391;33;56;3;1;;;;
392;33;57;3;1;;;;
393;33;58;3;1;;;;
394;33;59;3;1;;;;
395;33;60;3;1;;;;
396;34;49;3;1;;;;
397;34;50;3;1;;;;
398;34;51;3;1;;;;
399;34;52;3;1;;;;
400;34;53;3;1;;;;
401;34;54;3;1;;;;
402;34;55;3;1;;;;
403;34;56;3;1;;;;
404;34;57;3;1;;;;
405;34;58;3;1;;;;
406;34;59;3;1;;;;
407;34;60;3;1;;;;
408;35;49;3;1;;;;
409;35;50;3;1;;;;
410;35;51;3;1;;;;
411;35;52;3;1;;;;
412;35;53;3;1;;;;
413;35;54;3;1;;;;
414;35;55;3;1;;;;
415;35;56;3;1;;;;
416;35;57;3;1;;;;
417;35;58;3;1;;;;
418;35;59;3;1;;;;
419;35;60;3;1;;;;
420;36;49;3;1;;;;
421;36;50;3;1;;;;
422;36;51;3;1;;;;
423;36;52;3;1;;;;
424;36;53;3;1;;;;
425;36;54;3;1;;;;
426;36;55;3;1;;;;
427;36;56;3;1;;;;
428;36;57;3;1;;;;
429;36;58;3;1;;;;
430;36;59;3;1;;;;
431;36;60;3;1;;;;
432;37;61;3;1;;;;
433;37;62;3;1;;;;
434;37;63;3;1;;;;
435;37;64;3;1;;;;
436;37;65;3;1;;;;
437;37;66;3;1;;;;
438;37;67;3;1;;;;
439;37;68;3;1;;;;
440;37;69;3;1;;;;
441;37;70;3;1;;;;
442;37;71;3;1;;;;
443;37;72;3;1;;;;
444;38;61;3;1;;;;
445;38;62;3;1;;;;
446;38;63;3;1;;;;
447;38;64;3;1;;;;
448;38;65;3;1;;;;
449;38;66;3;1;;;;
450;38;67;3;1;;;;
451;38;68;3;1;;;;
452;38;69;3;1;;;;
453;38;70;3;1;;;;
454;38;71;3;1;;;;
455;38;72;3;1;;;;
456;39;61;3;1;;;;
457;39;62;3;1;;;;
458;39;63;3;1;;;;
459;39;64;3;1;;;;
460;39;65;3;1;;;;
461;39;66;3;1;;;;
462;39;67;3;1;;;;
463;39;68;3;1;;;;
464;39;69;3;1;;;;
465;39;70;3;1;;;;
466;39;71;3;1;;;;
467;39;72;3;1;;;;
468;40;61;3;1;;;;
469;40;62;3;1;;;;
470;40;63;3;1;;;;
471;40;64;3;1;;;;
472;40;65;3;1;;;;
473;40;66;3;1;;;;
474;40;67;3;1;;;;
475;40;68;3;1;;;;
476;40;69;3;1;;;;
477;40;70;3;1;;;;
478;40;71;3;1;;;;
479;40;72;3;1;;;;
480;41;61;3;1;;;;
481;41;62;3;1;;;;
482;41;63;3;1;;;;
483;41;64;3;1;;;;
484;41;65;3;1;;;;
485;41;66;3;1;;;;
486;41;67;3;1;;;;
487;41;68;3;1;;;;
488;41;69;3;1;;;;
489;41;70;3;1;;;;
490;41;71;3;1;;;;
491;41;72;3;1;2013;2020;1;
492;42;61;3;1;;;;
493;42;62;3;1;;;;
494;42;63;3;1;;;;
495;42;64;3;1;;;;
496;42;65;3;1;;;;
497;42;66;3;1;;;;
498;42;67;3;1;;;;
499;42;68;3;1;;;;
500;42;69;3;1;;;;
501;42;70;3;1;;;;
502;42;71;3;1;;;;
503;42;72;3;1;;;;
504;43;61;3;1;;;;
505;43;62;3;1;;;;
506;43;63;3;1;;;;
507;43;64;3;1;;;;
508;43;65;3;1;;;;
509;43;66;3;1;;;;
510;43;67;3;1;;;;
511;43;68;3;1;;;;
512;43;69;3;1;;;;
513;43;70;3;1;;;;
514;43;71;3;1;;;;
515;43;72;3;1;;;;
516;44;73;3;1;2011;2013;1;
517;44;74;3;1;2011;2018;1;
518;44;75;3;1;2011;2013;1;
519;44;76;3;1;2011;2018;1;
520;44;77;3;1;2011;2015;1;
521;44;78;3;1;2011;2020;1;
522;44;79;3;1;2011;NA;1;
523;44;80;3;1;2011;2013;1;
524;44;81;3;1;2011;2016;1;
525;44;82;3;1;2011;2016;1;
526;44;83;3;1;;;;
527;44;84;3;1;;;;
528;45;73;3;1;1983;2013;1;
529;45;74;3;1;1983;1996;1;
530;45;75;3;1;1983;2006;1;
531;45;76;3;1;2021;NA;1;
532;45;77;3;1;1983;2001;1;
533;45;78;3;1;1983;2009;1;
534;45;79;3;1;1983;1997;1;
535;45;80;3;1;1983;1996;1;
536;45;81;3;1;1983;2007;1;
537;45;82;3;1;1983;2002;1;
538;45;83;3;1;;;;
539;45;84;3;1;;;;
540;46;73;3;1;;;;
541;46;74;3;1;;;;
542;46;75;3;1;;;;
543;46;76;3;1;;;;
544;46;77;3;1;;;;
545;46;78;3;1;;;;
546;46;79;3;1;;;;
547;46;80;3;1;;;;
548;46;81;3;1;;;;
549;46;82;3;1;;;;
550;46;83;3;1;;;;
551;46;84;3;1;;;;
552;47;73;3;1;;;;
553;47;74;3;1;;;;
554;47;75;3;1;;;;
555;47;76;3;1;;;;
556;47;77;3;1;;;;
557;47;78;3;1;;;;
558;47;79;3;1;;;;
559;47;80;3;1;;;;
560;47;81;3;1;;;;
561;47;82;3;1;;;;
562;47;83;3;1;;;;
563;47;84;3;1;;;;
564;48;74;3;1;;;;
565;48;75;3;1;;;;
566;48;76;3;1;;;;
567;48;77;3;1;;;;
568;48;78;3;1;;;;
569;48;79;3;1;;;;
570;48;80;3;1;;;;
571;48;81;3;1;;;;
572;48;82;3;1;;;;
573;48;83;3;1;;;;
574;48;84;3;1;;;;
575;49;73;3;1;2013;NA;1;
576;49;74;3;1;2013;NA;1;
577;49;75;3;1;;;;
578;49;76;3;1;;;;
579;49;77;3;1;2013;2021;1;
580;49;78;3;1;2013;2017;1;
581;49;79;3;1;2013;NA;1;
582;49;80;3;1;2013;2019;1;
583;49;81;3;1;2013;NA;1;
584;49;82;3;1;;;;
585;49;83;3;1;2013;NA;1;
586;49;84;3;1;2013;NA;1;
587;50;73;3;1;;;;
588;50;74;3;1;;;;
589;50;75;3;1;;;;
590;50;76;3;1;;;;
591;50;77;3;1;;;;
592;50;78;3;1;;;;
593;51;1;3;1;;;;
594;51;2;3;1;;;;
595;51;3;3;1;;;;
596;52;73;3;1;;;;
597;52;74;3;1;;;;
598;52;75;3;1;;;;
599;52;76;3;1;;;;
600;52;77;3;1;;;;
601;52;78;3;1;;;;
602;52;79;3;1;;;;
603;52;80;3;1;;;;
604;52;81;3;1;;;;
605;52;82;3;1;;;;
606;52;83;3;1;;;;
607;52;84;3;1;;;;
608;53;85;3;1;;;;
609;53;86;3;1;;;;
610;53;87;3;1;;;;
611;53;88;3;1;2012;2019;1;
612;53;89;3;1;;;;
613;53;90;3;1;;;;
614;53;91;3;1;;;;
615;53;92;3;1;2012;2018;1;
616;53;93;3;1;;;;
617;53;94;3;1;;;;
618;53;95;3;1;;;;
619;53;96;3;1;;;;
620;54;85;3;1;1985;1997;1;
621;54;86;3;1;;;;
622;54;87;3;1;1985;2015;1;
623;54;88;3;1;1985;1998;1;
624;54;89;3;1;;;;
625;54;90;3;1;;;;
626;54;91;3;1;;;;
627;54;92;3;1;1985;1996;2;
628;54;93;3;1;1985;1996;1;
629;54;94;3;1;;;1;
630;54;95;3;1;;;1;
631;54;96;3;1;;;1;
632;55;85;3;1;;;;
633;55;86;3;1;;;;
634;55;87;3;1;;;;
635;55;88;3;1;;;;
636;55;89;3;1;;;;
637;55;90;3;1;;;;
638;55;91;3;1;;;;
639;55;92;3;1;;;;
640;55;93;3;1;;;;
641;55;94;3;1;;;;
642;55;95;3;1;;;;
643;55;96;3;1;;;;
644;56;86;3;1;;;;
645;56;87;3;1;;;;
646;56;88;3;1;;;;
647;56;89;3;1;;;;
648;56;90;3;1;;;;
649;56;91;3;1;;;;
650;56;92;3;1;;;;
651;56;93;3;1;;;;
652;56;94;3;1;;;;
653;56;95;3;1;;;;
654;56;96;3;1;;;;
655;57;85;3;1;2016;NA;1;
656;57;86;3;1;2016;NA;1;
657;57;87;3;1;;;;
658;57;88;3;1;;;;
659;57;89;3;1;;;;
660;57;90;3;1;;;;
661;57;91;3;1;;;;
662;57;92;3;1;2016;NA;1;
663;57;93;3;1;2016;NA;1;
664;57;94;3;1;;;;
665;57;95;3;1;;;;
666;57;96;3;1;;;;
667;58;85;3;1;;;;
668;58;86;3;1;;;;
669;58;87;3;1;;;;
670;58;88;3;1;;;;
671;58;89;3;1;;;;
672;58;90;3;1;;;;
673;58;91;3;1;;;;
674;58;92;3;1;;;;
675;58;93;3;1;;;;
676;58;94;3;1;;;;
677;58;95;3;1;;;;
678;58;96;3;1;;;;
679;59;97;2;1;1974;NA;1;
680;59;98;2;1;1974;2005;1;
681;59;99;2;1;1974;2002;1;
682;59;100;2;1;1974;1995;1;
683;59;101;2;1;;;;
684;59;102;2;1;1974;1997;1;
685;59;103;2;1;1974;2002;2;
686;59;104;2;1;1974;2002;;
687;59;105;2;1;1974;NA;2;
688;59;106;2;1;1974;1995;2;
689;59;107;2;1;1974;2002;1;
690;59;108;2;1;2010;2018;1;
691;60;97;3;1;;;;
692;60;98;3;1;2017;NA;1;
693;60;99;3;1;2017;NA;1;
694;60;100;3;1;2017;NA;1;
695;60;101;3;1;;;;
696;60;102;3;1;;;;
697;61;97;3;1;;;;
698;61;98;3;1;;;;
699;61;99;3;1;;;;
700;61;100;3;1;1996;NA;1;
701;61;101;3;1;1996;2005;1;
702;61;102;3;1;1996;2005;1;
703;61;103;3;1;1996;2001;1;
704;61;104;3;1;1996;2000;1;
705;61;105;3;1;1996;2000;1;
706;61;106;3;1;1996;2001;1;
707;61;107;3;1;1996;1999;1;
708;61;108;3;1;1996;2002;1;
709;62;97;3;1;1987;2005;1;
710;62;98;3;1;1987;2011;1;
711;62;99;3;1;1987;2006;1;
712;62;100;3;1;1987;2002;1;
713;62;101;3;1;;;1;
714;62;102;3;1;1987;1996;1;
715;62;103;3;1;1987;2001;1;
716;62;104;3;1;1987;1996;1;
717;62;105;3;1;;;1;
718;62;106;3;1;;;1;
719;62;107;3;1;1987;2014;1;
720;62;108;3;1;1987;2013;1;
721;63;97;3;1;;;;
722;63;98;3;1;;;;
723;63;99;3;1;;;;
724;63;100;3;1;;;;
725;63;101;3;1;;;;
726;63;102;3;1;;;;
727;63;103;3;1;;;;
728;63;104;3;1;;;;
729;63;105;3;1;;;;
730;63;106;3;1;;;;
731;63;107;3;1;;;;
732;63;108;3;1;;;;
733;64;1;3;1;;;;
734;64;2;3;1;;;;
735;65;1;3;1;1996;2005;1;
736;65;2;3;1;1996;NA;1;
737;65;3;3;1;1996;2000;1;
738;65;4;3;1;1996;NA;1;
739;65;5;3;1;1996;NA;1;
740;65;6;3;1;1996;2013;1;
741;65;7;3;1;1996;NA;1;
742;65;8;3;1;1996;NA;1;
743;65;9;3;1;1996;NA;1;
744;65;10;3;1;1996;NA;1;
745;65;11;3;1;1996;2001;1;
746;65;12;3;1;1996;NA;1;
747;66;97;3;1;;;;
748;66;98;3;1;;;;
749;66;99;3;1;;;;
750;66;100;3;1;;;;
751;66;101;3;1;;;;
752;66;102;3;1;;;;
753;66;103;3;1;;;;
754;66;104;3;1;;;;
755;66;105;3;1;;;;
756;66;106;3;1;;;;
757;66;107;3;1;;;;
758;66;108;3;1;;;;
759;67;1;3;1;;;;
760;67;2;3;1;;;;
761;67;3;3;1;;;;
762;67;4;3;1;;;;
763;67;5;3;1;;;;
764;67;6;3;1;;;;
765;67;7;3;1;;;;
766;67;8;3;1;;;;
767;67;9;3;1;;;;
768;67;10;3;1;;;;
769;68;97;3;1;;;;
770;68;98;3;1;;;;
771;68;99;3;1;;;;
772;68;100;3;1;;;;
773;68;101;3;1;;;;
774;68;102;3;1;;;;
775;68;103;3;1;;;;
776;68;104;3;1;;;;
777;68;105;3;1;;;;
778;68;106;3;1;;;;
779;68;107;3;1;;;;
780;68;108;3;1;;;;
781;69;1;3;1;;;;
782;69;2;3;1;;;;
783;69;3;3;1;;;;
784;69;4;3;1;;;;
785;69;5;3;1;;;;
786;69;6;3;1;;;;
787;70;5;3;1;;;;
788;70;6;3;1;;;;
789;71;5;3;1;;;;
790;71;6;3;1;;;;
791;72;1;3;1;;;;
792;72;2;3;1;;;;
793;72;3;3;1;;;;
794;72;4;3;1;;;;
795;72;5;3;1;;;;
796;72;6;3;1;;;;
797;73;1;3;1;;;;
798;73;2;3;1;;;;
799;73;3;3;1;;;;
800;73;4;3;1;;;;
801;73;98;3;1;;;;
802;48;73;3;1;;;;
803;73;100;3;1;;;;
805;73;102;3;1;;;;
807;73;104;3;1;;;;
809;73;106;3;1;;;;
811;73;108;3;1;;;;
812;74;1;3;1;;;;
813;74;2;3;1;;;;
814;74;3;3;1;;;;
815;74;4;3;1;;;;
816;74;5;3;1;;;;
817;75;97;3;1;2019;NA;1;
818;75;98;3;1;;;;
819;75;99;3;1;;;;
820;75;100;3;1;2019;NA;1;
821;75;101;3;1;2019;NA;1;
822;75;102;3;1;2019;NA;1;
823;75;103;3;1;;;;
824;75;104;3;1;;;;
825;75;105;3;1;;;;
826;75;106;3;1;2020;NA;1;
827;75;107;3;1;2020;NA;2;
828;75;108;3;1;2020;NA;1;
829;76;1;3;1;;;;
830;76;2;3;1;;;;
831;76;3;3;1;;;;
832;76;4;3;1;;;;
833;76;5;3;1;;;;
834;76;6;3;1;;;;
835;77;1;3;1;1991;2002;1;
836;77;2;3;1;1991;2002;1;
837;77;3;3;1;1991;2002;1;
838;77;4;3;1;1991;2003;1;
839;77;5;3;1;1991;2002;1;
840;77;6;3;1;;;;
841;78;1;3;1;;;;
842;78;2;3;1;;;;
843;78;3;3;1;;;;
844;78;4;3;1;;;;
845;79;97;3;1;;;;
846;79;98;3;1;;;;
847;79;99;3;1;;;;
848;79;100;3;1;;;;
849;79;101;3;1;;;;
850;79;102;3;1;;;;
851;79;103;3;1;;;;
852;79;104;3;1;;;;
853;79;105;3;1;;;;
854;79;106;3;1;;;;
855;79;107;3;1;;;;
856;79;108;3;1;;;;
857;80;97;3;1;;;;
858;80;98;3;1;;;;
859;80;99;3;1;;;;
860;80;100;3;1;;;;
861;80;101;3;1;;;;
862;80;102;3;1;;;;
863;80;103;3;1;;;;
864;80;104;3;1;;;;
865;80;105;3;1;;;;
866;80;106;3;1;;;;
867;80;107;3;1;;;;
868;80;108;3;1;;;;
869;81;1;3;1;;;;heeft toets (1 star) en essay (2 stars). Deze regel staat voor de toets
870;81;2;3;1;2018;NA;1;Deze heeft ook drie sterren, voor ‚‚n PACE?
871;151;97;0;1;;;;heeft toets (1 star) en essay (2 stars). Deze regel staat voor de toets
872;151;102;0;1;;;;
873;152;98;0;1;2019;NA;1;6 sterren verdeeld over vier PACEs, vandaar om en om 1 en 2 sterren.
874;152;99;0;1;2019;NA;1;
875;152;100;0;1;2019;NA;1;
876;152;101;0;1;2019;NA;1;
877;82;1;3;1;1994;2012;2;
878;82;2;3;1;1994;2011;1;
879;82;3;3;1;1994;2012;1;
880;82;4;3;1;1994;2017;1;
881;82;5;3;1;1994;2013;1;
882;82;6;3;1;1994;2011;1;
883;83;1;3;1;2000;2002;3;
884;83;2;3;1;2000;2002;3;
885;83;3;3;1;2000;2002;2;
886;83;4;3;1;;;;
887;83;5;3;1;2000;2002;2;
888;83;6;3;1;2000;2002;1;
889;83;7;3;1;2000;2002;1;
890;83;8;3;1;2000;2003;1;
891;83;9;3;1;2000;2003;3;
892;83;10;3;1;2001;2003;2;
893;83;11;3;1;;;;
894;83;12;3;1;;;;
895;85;1;3;1;;;;
896;85;2;3;1;;;;
897;85;3;3;1;;;;
898;85;4;3;1;;;;
899;85;5;3;1;;;;
900;85;6;3;1;;;;
901;85;7;3;1;;;;
902;85;8;3;1;;;;
903;86;109;3;1;;;;
904;86;110;3;1;;;;
905;86;111;3;1;1993;2011;1;
906;86;112;3;1;1993;2009;1;
907;86;113;3;1;1993;2005;1;
908;86;114;3;1;;;;
909;86;115;3;1;1993;1996;1;
910;86;116;3;1;1993;2015;1;
911;86;117;3;1;1993;2002;1;
912;86;118;3;1;1993;2012;1;
913;86;119;3;1;1993;2004;1;
914;86;120;3;1;1993;1997;1;
915;87;109;3;1;1989;1999;1;
916;87;110;3;1;1989;2001;1;
917;87;111;3;1;1989;1998;1;
918;87;112;3;1;1989;1996;1;
919;87;113;3;1;1989;1997;1;
920;87;114;3;1;;;1;
921;87;115;3;1;1989;2019;1;
922;87;116;3;1;1989;1996;1;
923;87;117;3;1;1989;1997;1;
924;87;118;3;1;1989;2005;1;
925;87;119;3;1;1989;2002;1;
926;87;120;3;1;1989;2002;1;
927;88;3;3;1;;;;
928;88;4;3;1;;;;
929;88;5;3;1;;;;
930;90;109;3;1;1992;2013;1;
931;90;110;3;1;1992;2013;1;
932;90;111;3;1;1992;2013;1;
933;90;112;3;1;1992;2015;1;
934;90;113;3;1;1992;2013;1;
935;90;114;3;1;1992;2013;1;
936;90;115;3;1;1992;2016;1;
937;90;116;3;1;1992;2013;1;
938;90;117;3;1;1992;2012;1;
939;90;118;3;1;1992;2013;1;
940;90;119;3;1;1992;2013;1;
941;90;120;3;1;1992;2013;1;
942;91;1;3;1;;;;
943;91;2;3;1;;;;
944;91;3;3;1;;;;
945;91;4;3;1;;;;
946;91;5;3;1;;;;
947;91;6;3;1;;;;
948;91;7;3;1;;;;
949;91;8;3;1;;;;
950;91;9;3;1;;;;
951;91;10;3;1;;;;
952;92;7;3;1;2019;NA;3;
953;92;8;3;1;2019;NA;2;
954;93;1;3;1;1980;1998;1;
955;93;2;3;1;1980;2001;1;
956;93;3;3;1;1980;NA;1;
957;93;4;3;1;1980;NA;2;
958;93;5;3;1;1980;NA;1;
959;60;103;3;1;2017;NA;1;
960;60;104;3;1;;;;
961;60;105;3;1;;;;
962;60;106;3;1;2018;NA;1;
963;60;107;3;1;2018;NA;1;
964;60;108;3;1;2018;NA;1;
965;95;109;3;1;;;;
966;95;110;3;1;;;;
967;95;111;3;1;;;;
968;95;112;3;1;;;;
969;95;113;3;1;;;;
970;95;114;3;1;;;;
971;95;115;3;1;;;;
972;95;116;3;1;;;;
973;95;117;3;1;;;;
974;95;118;3;1;;;;
975;95;119;3;1;;;;
976;95;120;3;1;;;;
977;96;109;3;1;;;;
978;96;110;3;1;;;;
979;96;111;3;1;;;;
980;96;112;3;1;;;;
981;96;113;3;1;;;;
982;96;114;3;1;;;;
983;98;121;3;1;1993;2017;1;
984;98;122;3;1;1993;2000;1;
985;98;123;3;1;1993;1995;1;
986;98;124;3;1;1993;1995;1;
987;98;125;3;1;1993;1995;1;
988;98;126;3;1;1993;2016;1;
989;98;127;3;1;1993;1996;1;
990;98;128;3;1;1993;1996;1;
991;98;129;3;1;1993;1996;1;
992;98;130;3;1;1993;2017;1;
993;98;131;3;1;1993;2017;1;
994;98;132;3;1;1993;1999;1;
995;99;1;3;1;;;;
996;99;2;3;1;;;;
997;99;3;3;1;;;;
998;99;4;3;1;;;;
999;99;5;3;1;;;;
1000;101;121;3;1;1990;1998;2;
1001;101;122;3;1;1990;2002;2;
1002;101;123;3;1;1990;2014;2;
1003;101;124;3;1;1990;1997;2;
1004;101;125;3;1;1990;1999;1;
1005;101;126;3;1;1990;1997;1;
1006;101;127;3;1;1990;2005;1;
1007;101;128;3;1;1990;1998;1;
1008;101;129;3;1;1990;1999;1;
1009;101;130;3;1;1990;2000;1;
1010;101;131;3;1;1990;1996;1;
1011;101;132;3;1;1990;2001;1;
1012;102;1;3;1;;;;
1013;102;2;3;1;;;;
1014;102;3;3;1;;;;
1015;103;1;3;1;;;;
1016;103;2;3;1;;;;
1017;103;3;3;1;;;;
1018;103;4;3;1;;;;
1019;103;5;3;1;;;;
1020;103;6;3;1;;;;
1021;104;121;3;1;;;;
1022;104;122;3;1;;;;
1023;104;123;3;1;;;;
1024;104;124;3;1;;;;
1025;104;125;3;1;;;;
1026;104;126;3;1;;;;
1027;104;127;3;1;;;;
1028;104;128;3;1;;;;
1029;104;129;3;1;;;;
1030;104;130;3;1;;;;
1031;104;131;3;1;;;;
1032;104;132;3;1;;;;
1033;105;121;3;1;1995;2016;1;
1034;105;122;3;1;1995;2013;1;
1035;105;123;3;1;1995;2013;1;
1036;105;124;3;1;1995;2013;1;
1037;105;125;3;1;1995;2013;1;
1038;105;126;3;1;1995;2013;1;
1039;105;127;3;1;1995;2013;1;
1040;105;128;3;1;1995;2013;1;
1041;105;129;3;1;1995;2013;1;
1042;105;130;3;1;1995;2014;1;
1043;105;131;3;1;1995;2014;1;
1044;105;132;3;1;1995;2014;1;
1045;106;121;3;1;;;;
1046;106;122;3;1;1974;1995;1;
1047;106;123;3;1;1974;2001;1;
1048;106;124;3;1;;;;
1049;106;125;3;1;;;;
1050;106;126;3;1;;;;
1051;106;127;3;1;1976;2014;1;
1052;106;128;3;1;1976;NA;1;
1053;106;129;3;1;;;;
1054;106;130;3;1;;;;
1055;106;131;3;1;;;;
1056;106;132;3;1;;;;
1057;107;121;3;1;;;;
1058;107;122;3;1;;;;
1059;107;123;3;1;;;;
1060;107;124;3;1;;;;
1061;107;125;3;1;;;;
1062;107;126;3;1;;;;
1063;107;127;3;1;;;;
1064;107;128;3;1;;;;
1065;107;129;3;1;;;;
1066;107;130;3;1;;;;
1067;107;131;3;1;;;;
1068;107;132;3;1;;;;
1069;108;1;3;1;1975;NA;1;
1070;108;2;3;1;1975;2000;1;
1071;108;3;3;1;1976;NA;1;
1072;108;4;3;1;1976;1997;1;
1073;108;5;3;1;1976;2000;1;
1074;108;6;3;1;1976;NA;1;
1075;108;7;3;1;1976;NA;1;
1076;108;8;3;1;1979;NA;1;
1077;108;9;3;1;1976;NA;1;
1078;108;10;3;1;1976;NA;1;
1079;109;11;3;1;1976;NA;1;
1080;109;12;3;1;1976;NA;1;
1081;109;13;3;1;1976;NA;1;
1082;109;14;3;1;1976;NA;1;
1083;109;15;3;1;1981;2008;1;
1084;109;16;3;1;1976;1996;1;
1085;109;17;3;1;1976;NA;1;
1086;109;18;3;1;1976;NA;1;
1087;109;19;3;1;1976;NA;1;
1088;109;20;3;1;1976;NA;1;
1089;110;139;3;1;2010;2022;1;
1090;110;140;3;1;2009;NA;1;
1091;110;141;3;1;2014;NA;1;
1092;110;142;3;1;2018;NA;1;
1093;110;143;3;1;2021;NA;1;
1094;110;144;3;1;;;;
1095;111;133;3;1;2004;2013;1;
1096;111;134;3;1;2004;2014;1;
1097;111;135;3;1;2004;2010;1;
1098;111;136;3;1;2004;2013;1;
1099;111;137;3;1;2004;2011;1;
1100;111;138;3;1;2004;NA;1;
1101;112;11;3;1;2008;NA;1;
1102;112;12;3;1;2008;NA;1;
1103;112;13;3;1;2008;NA;1;
1104;112;14;3;1;2008;NA;1;
1105;112;15;3;1;2008;NA;1;
1106;112;16;3;1;2008;NA;1;
1107;112;17;3;1;2008;NA;1;
1108;112;18;3;1;2008;NA;1;
1109;112;19;3;1;2008;NA;1;
1110;112;20;3;1;2008;NA;1;
1111;113;133;3;1;1993;2015;1;
1112;113;134;3;1;1993;2008;1;
1113;113;135;3;1;1993;1995;1;
1114;113;136;3;1;1993;2004;1;
1115;113;137;3;1;1993;2007;1;
1116;113;138;3;1;1993;2001;1;
1117;113;139;3;1;1993;1996;1;
1118;113;140;3;1;1993;NA;1;
1119;113;141;3;1;1993;1997;1;
1120;113;142;3;1;1993;1997;1;
1121;113;143;3;1;1993;2007;1;
1122;113;144;3;1;1993;2000;1;
1123;114;11;3;1;;;;
1124;114;12;3;1;;;;
1125;114;13;3;1;;;;
1126;114;14;3;1;;;;
1127;114;15;3;1;;;;
1128;114;16;3;1;;;;
1129;114;17;3;1;;;;
1130;114;18;3;1;;;;
1131;114;19;3;1;;;;
1132;114;20;3;1;;;;
1133;115;7;3;1;;;;
1134;115;8;3;1;;;;
1135;116;1;3;1;1980;2000;1;
1136;116;2;3;1;1980;NA;1;
1137;116;3;3;1;1980;NA;1;
1138;116;4;3;1;1980;NA;1;
1139;116;5;3;1;1980;2000;1;
1140;116;6;3;1;1980;NA;1;
1141;116;7;3;1;1980;NA;1;
1142;116;8;3;1;1980;NA;1;
1143;116;9;3;1;1980;NA;1;
1144;116;10;3;1;1980;NA;1;
1145;117;133;3;1;1987;1998;1;
1146;117;134;3;1;1987;2012;1;
1147;117;135;3;1;1987;2014;1;
1148;117;136;3;1;1987;1995;1;
1149;117;137;3;1;1987;2006;1;
1150;117;138;3;1;1987;2014;1;
1151;117;139;3;1;1987;2014;1;
1152;117;140;3;1;1987;2002;1;
1153;117;141;3;1;1987;2014;1;
1154;117;142;3;1;1987;2014;1;
1155;117;143;3;1;1987;2014;1;
1156;117;144;3;1;1987;1995;1;
1157;118;85;3;1;;;;
1158;118;86;3;1;;;;
1159;118;87;3;1;;;;
1160;118;88;3;1;;;;
1161;118;89;3;1;;;;
1162;118;90;3;1;;;;
1163;118;91;3;1;;;;
1164;118;92;3;1;;;;
1165;118;93;3;1;;;;
1166;118;94;3;1;;;;
1167;118;95;3;1;;;;
1168;118;96;3;1;;;;
1169;164;133;3;1;1997;NA;1;
1170;164;134;3;1;1997;NA;1;
1171;164;135;3;1;1997;1999;1;
1172;164;136;3;1;1997;NA;2;
1173;164;137;3;1;1997;NA;1;
1174;164;138;3;1;1997;1999;1;
1175;165;139;3;1;1998;2000;1;
1176;165;140;3;1;1998;2016;1;
1177;165;141;3;1;1998;NA;1;
1178;165;142;3;1;1998;NA;1;
1179;165;143;3;1;1998;NA;1;
1180;165;144;3;1;1998;NA;1;
1181;120;133;3;1;;;;
1182;120;134;3;1;;;;
1183;120;135;3;1;;;;
1184;120;136;3;1;;;;
1185;120;137;3;1;;;;
1186;120;138;3;1;;;;
1187;121;11;3;1;1977;2004;1;
1188;121;12;3;1;1977;NA;1;
1189;121;13;3;1;1977;2015;1;
1190;121;14;3;1;1977;1999;1;
1191;121;15;3;1;1977;1999;1;
1192;121;16;3;1;1977;1996;1;
1193;121;17;3;1;1977;2007;1;
1194;121;18;3;1;1977;1997;1;
1195;121;19;3;1;1977;2014;1;
1196;121;20;3;1;1977;1998;1;
1197;122;133;3;1;;;;
1198;122;134;3;1;;;;
1199;122;135;3;1;;;;
1200;122;136;3;1;;;;
1201;123;6;3;1;1980;NA;2;
1202;123;7;3;1;1981;NA;1;
1203;123;8;3;1;1980;NA;1;
1204;123;9;3;1;1980;NA;1;
1205;123;10;3;1;1980;NA;1;
1206;124;133;3;1;2002;NA;1;
1207;124;134;3;1;2001;2006;1;
1208;124;135;3;1;1974;1999;1;
1209;124;136;3;1;1974;1999;1;
1210;124;137;3;1;1974;2000;1;
1211;124;138;3;1;1974;NA;1;
1212;162;1;3;1;1978;NA;1;
1213;162;2;3;1;1978;NA;1;
1214;162;3;3;1;1978;1998;1;
1215;162;4;3;1;1978;2000;1;
1216;162;5;3;1;1978;2002;1;
1217;162;6;3;1;1974;NA;1;
1218;162;7;3;1;1978;1998;1;
1219;162;8;3;1;1978;NA;1;
1220;162;9;3;1;1978;NA;1;
1221;162;10;3;1;1978;NA;1;
1222;131;134;3;1;2020;NA;1;
1223;131;133;3;1;2020;NA;1;
1224;127;1;3;1;1976;2012;1;
1225;127;2;3;1;1976;NA;1;
1226;127;3;3;1;1976;2005;1;
1227;127;4;3;1;1976;NA;1;
1228;127;5;3;1;1976;NA;1;
1229;127;6;3;1;1976;NA;1;
1230;127;7;3;1;1976;1994;1;
1231;127;8;3;1;1976;1993;1;
1232;127;9;3;1;1976;1997;1;
1233;127;10;3;1;1976;2012;1;
1234;130;1;3;1;;;;
1235;130;2;3;1;;;;
1236;130;3;3;1;;;;
1237;130;4;3;1;;;;
1238;130;5;3;1;;;;
1239;130;6;3;1;;;;
1240;130;7;3;1;;;;
1241;130;8;3;1;;;;
1242;130;9;3;1;;;;
1243;130;10;3;1;;;;
1244;130;11;3;1;;;;
1245;130;12;3;1;;;;
1246;130;13;3;1;;;;
1247;130;14;3;1;;;;
1248;130;15;3;1;;;;
1249;130;16;3;1;;;;
1250;131;133;3;1;1988;NA;1;
1251;131;134;3;1;1974;1995;1;
1252;131;135;3;1;1974;1999;1;
1253;131;136;3;1;1975;NA;1;
1254;131;137;3;1;1975;2000;1;
1255;131;138;3;1;1975;1998;1;
1256;131;139;3;1;1975;NA;1;
1257;131;140;3;1;1976;NA;1;
1258;131;141;3;1;1976;NA;1;
1259;131;142;3;1;1976;NA;1;
1260;131;143;3;1;1976;1992;1;
1261;131;144;3;1;1976;NA;2;
1262;129;1;3;1;;;;PACE + Activity Pac
1263;129;2;3;1;;;;PACE + Activity Pac
1264;129;3;3;1;;;;PACE + Activity Pac
1265;129;4;3;1;;;;PACE + Activity Pac
1266;129;5;3;1;;;;PACE + Activity Pac
1267;129;6;3;1;;;;PACE + Activity Pac
1268;147;49;3;1;;;;
1269;147;50;3;1;;;;
1270;147;51;3;1;;;;
1271;147;52;3;1;;;;
1272;147;53;3;1;;;;
1273;147;54;3;1;;;;
1274;147;55;3;1;;;;
1275;147;56;3;1;;;;
1276;147;57;3;1;;;;
1277;147;58;3;1;;;;
1278;147;59;3;1;;;;
1279;147;60;3;1;;;;
1280;148;109;3;1;;;;
1281;148;110;3;1;;;;
1282;148;111;3;1;;;;
1283;148;112;3;1;;;;
1284;148;113;3;1;;;;
1285;148;114;3;1;;;;
1286;148;115;3;1;;;;
1287;148;116;3;1;;;;
1288;148;117;3;1;;;;
1289;148;118;3;1;;;;
1290;148;119;3;1;;;;
1291;148;120;3;1;;;;
1292;149;13;3;1;;;;
1293;149;14;3;1;;;;
1294;149;15;3;1;;;;
1295;149;16;3;1;;;;
1296;149;17;3;1;;;;
1297;149;18;3;1;;;;
1298;149;19;3;1;;;;
1299;149;20;3;1;;;;
1300;149;21;3;1;;;;
1301;149;22;3;1;;;;
1302;149;23;3;1;;;;
1303;149;24;3;1;;;;
1304;146;98;3;1;;;;
1305;146;100;3;1;;;;
1306;146;102;3;1;;;;
1307;146;104;3;1;;;;
1308;146;106;3;1;;;;Did Man Just Happen? Deprecated. 
1309;146;108;3;1;;;;
1310;159;85;3;1;;;;
1311;159;86;3;1;;;;
1312;159;87;3;1;;;;
1313;159;88;3;1;;;;
1314;160;97;3;1;;;;
1315;160;98;3;1;;;;
1316;160;99;3;1;;;;
1317;160;100;3;1;;;;
1318;97;1;3;1;;;;
1319;97;2;3;1;;;;
1320;97;3;3;1;;;;
1321;97;4;3;1;;;;
1322;97;5;3;1;;;;
1323;97;6;3;1;;;;
1324;97;7;3;1;;;;
1325;97;8;3;1;;;;
1326;97;9;3;1;;;;
1327;97;10;3;1;;;;
1328;97;11;3;1;;;;
1329;97;12;3;1;;;;
1330;97;13;3;1;;;;
1331;97;14;3;1;;;;
1332;97;15;3;1;;;;
1333;97;16;3;1;;;;
1334;97;17;3;1;;;;
1335;97;18;3;1;;;;
1336;97;19;3;1;;;;
1337;97;20;3;1;;;;
1338;97;21;3;1;;;;
1339;97;22;3;1;;;;
1340;97;23;3;1;;;;
1341;97;24;3;1;;;;
1342;97;25;3;1;;;;
1343;92;9;3;1;2019;NA;2;
1344;92;10;2;1;2019;NA;2;"Renumbered in 2022 to ""10"""
1345;81;1E;3;1;;;;heeft toets (1 star) en essay (2 stars). Deze regel staat voor het essay
1346;151;97E;0;1;;;;heeft toets (1 star) en essay (2 stars). Deze regel staat voor het essay
1347;151;1;0;1;;;;heeft toets (1 star) en essay (2 stars). ?
1348;152;2;0;1;2019;NA;1;heeft toets (1 star) en essay (2 stars). Deze regel staat voor het essay
1349;146;108;;;;;;Poetry 1
1350;146;108;;;;;;Poetry 2
1351;146;108;;;;;;After the Flood
1352;150;1;2;;2006;NA;1;
1353;150;2;2;;2006;NA;1;
1354;150;3;2;;2006;NA;1;
1355;150;4;2;;2006;NA;1;
1356;150;5;2;;2006;NA;1;
1357;150;6;2;;2006;NA;1;
1358;129;6;3;1;;;;Activity Pac only
1359;129;6;3;1;2020;NA;1;Activity Pac only
1360;129;6;3;1;2020;NA;1;Activity Pac only
1361;129;6;3;1;2020;NA;1;Activity Pac only
1362;129;6;3;1;2020;NA;1;Activity Pac only
1363;129;6;3;1;2020;NA;1;Activity Pac only
1364;163;1;3;1;1976;NA;1;
1365;163;2;3;1;1976;NA;1;
1366;163;3;3;1;1976;NA;1;
1367;163;4;3;1;1976;NA;1;
1368;163;5;3;1;1976;NA;1;
1369;163;6;3;1;1976;1997;1;
1370;163;7;3;1;1976;1996;1;
1371;163;8;3;1;1976;NA;1;
1372;163;9;3;1;1977;2000;1;
1373;163;10;3;1;1976;NA;1;
1374;92;10a;0;1;2019;2012;1;Activity Book
